{
    "Benign Nevus": [
        0.1,
        0.3,
        0.1,
        0.7,
        0.3
    ],
    "Melanoma": [
        0.08000000000000002,
        0.3235193847793173,
        0.1178858418367347,
        0.7582006066645409,
        0.2950924398282341
    ],
    "Basal Cell Carcinoma": [
        0.25,
        0.35,
        0.15,
        0.5,
        0.45
    ],
    "Squamous Cell Carcinoma": [
        0.35,
        0.45,
        0.15,
        0.6,
        0.55
    ],
    "Actinic Keratosis": [
        0.3,
        0.4,
        0.1,
        0.4,
        0.45
    ],
    "Acne Vulgaris": [
        0.2,
        0.14188492014338533,
        0.4882828443877551,
        0.2290660588766757,
        0.17449411433887224
    ],
    "Eczema (Atopic Dermatitis)": [
        0.36000000000000004,
        0.26407634511527583,
        0.10440210459183676,
        0.2881863900091287,
        0.583579362395271
    ],
    "Psoriasis": [
        0.24,
        0.5102874303694297,
        0.04097257653061225,
        0.31019514082195376,
        0.5704935195393002
    ],
    "Rosacea": [
        0.55,
        0.1,
        0.02,
        0.2,
        0.1
    ],
    "Seborrheic Keratosis": [
        0.15,
        0.25,
        0.05,
        0.65,
        0.35
    ],
    "Viral Warts": [
        0.2,
        0.35,
        0.05,
        0.3,
        0.4
    ],
    "Molluscum Contagiosum": [
        0.1,
        0.3,
        0.1,
        0.7,
        0.3
    ],
    "Tinea Corporis (Ringworm)": [
        0.4,
        0.25,
        0.1,
        0.3,
        0.3
    ],
    "Candidiasis": [
        0.1,
        0.3,
        0.1,
        0.7,
        0.3
    ],
    "Scabies": [
        0.1,
        0.3,
        0.1,
        0.7,
        0.3
    ],
    "Impetigo": [
        0.1,
        0.3,
        0.1,
        0.7,
        0.3
    ],
    "Herpes Simplex": [
        0.1,
        0.3,
        0.1,
        0.7,
        0.3
    ],
    "Varicella (Chickenpox)": [
        0.1,
        0.3,
        0.1,
        0.7,
        0.3
    ],
    "Herpes Zoster (Shingles)": [
        0.1,
        0.3,
        0.1,
        0.7,
        0.3
    ],
    "Vitiligo": [
        0.05,
        0.05,
        0.0,
        0.05,
        0.05
    ],
    "Melasma": [
        0.1,
        0.3,
        0.1,
        0.7,
        0.3
    ],
    "Alopecia Areata": [
        0.1,
        0.3,
        0.1,
        0.7,
        0.3
    ],
    "Urticaria (Hives)": [
        0.1,
        0.3,
        0.1,
        0.7,
        0.3
    ],
    "Contact Dermatitis": [
        0.1,
        0.3,
        0.1,
        0.7,
        0.3
    ],
    "Lichen Planus": [
        0.1,
        0.3,
        0.1,
        0.7,
        0.3
    ],
    "Bullous Pemphigoid": [
        0.1,
        0.3,
        0.1,
        0.7,
        0.3
    ],
    "Dermatofibroma": [
        0.1,
        0.3,
        0.1,
        0.7,
        0.3
    ]
}